0.2746624378,-0.5128064737,0.4156772815,1.5707963268,0,0.0980131175,0.3690767536,-0.4,0.7507033703,0.2635703819,-0.4,0.7403789109,0.1580640103,-0.4,0.7300544515,0.3820941843,-0.5323875827,0,0.2775981257,-0.5426624905,0,0.1731020671,-0.5529373983,0
0.2765905024,-0.5127235394,0.4156772815,1.5707963268,0,0.0988058488,0.3709310003,-0.4,0.7508618876,0.2654163708,-0.4,0.74045338,0.1599017414,-0.4,0.7300448725,0.3840377377,-0.5322194777,0,0.2795498572,-0.5425772195,0,0.1750619766,-0.5529349614,0
0.2785171296,-0.5126393828,0.4156772815,1.5707963268,0,0.099610944,0.3727828418,-0.4,0.7510227581,0.2672597565,-0.4,0.7405288781,0.1617366713,-0.4,0.730034998,0.3859800262,-0.5320488096,0,0.2815005185,-0.5424906707,0,0.1770210108,-0.5529325319,0
0.2804422855,-0.5125539784,0.4156772815,1.5707963268,0,0.100428681,0.3746322266,-0.4,0.7511860321,0.2691004814,-0.4,0.740605425,0.1635687362,-0.4,0.7300248178,0.387921018,-0.5318755223,0,0.2834500839,-0.5424028167,0,0.1789791498,-0.5529301111,0
0.2823659352,-0.5124672998,0.4156772815,1.5707963268,0,0.1012593458,0.3764791022,-0.4,0.751351761,0.2709384863,-0.4,0.740683041,0.1653978705,-0.4,0.730014321,0.3898606804,-0.5316995583,0,0.285398527,-0.5423136294,0,0.1809363736,-0.5529277005,0
0.2842880427,-0.5123793201,0.4156772815,1.5707963268,0,0.1021032326,0.3783234141,-0.4,0.7515199978,0.2727737104,-0.4,0.7407617472,0.1672240067,-0.4,0.7300034966,0.3917989794,-0.5315208583,0,0.2873458202,-0.5422230798,0,0.1828926611,-0.5529253014,0
0.2862085707,-0.5122900114,0.4156772815,1.5707963268,0,0.1029606442,0.3801651068,-0.4,0.7516907966,0.2746060909,-0.4,0.7408415647,0.1690470751,-0.4,0.7299923328,0.3937358801,-0.5313393615,0,0.2892919356,-0.5421311384,0,0.184847991,-0.5529229154,0
0.2881274812,-0.5121993454,0.4156772815,1.5707963268,0,0.1038318918,0.3820041231,-0.4,0.7518642135,0.2764355636,-0.4,0.7409225155,0.1708670041,-0.4,0.7299808175,0.3956713465,-0.5311550053,0,0.2912368439,-0.5420377747,0,0.1868023413,-0.552920544,0
0.2900447346,-0.5121072927,0.4156772815,1.5707963268,0,0.1047172963,0.3838404041,-0.4,0.7520403055,0.2782620621,-0.4,0.7410046218,0.17268372,-0.4,0.7299689382,0.3976053412,-0.5309677254,0,0.2931805152,-0.5419429573,0,0.1887556892,-0.5529181892,0
0.2919602904,-0.5120138235,0.4156772815,1.5707963268,0,0.1056171875,0.3856738896,-0.4,0.7522191317,0.2800855182,-0.4,0.7410879067,0.1744971468,-0.4,0.7299566816,0.3995378257,-0.5307774557,0,0.2951229185,-0.5418466541,0,0.1907080113,-0.5529158525,0
0.2938741065,-0.5119189068,0.4156772815,1.5707963268,0,0.1065319052,0.3875045173,-0.4,0.7524007526,0.2819058618,-0.4,0.7411723934,0.1763072062,-0.4,0.7299440341,0.4014687602,-0.5305841281,0,0.2970640219,-0.541748832,0,0.1926592836,-0.552913536,0
0.2957861398,-0.5118225111,0.4156772815,1.5707963268,0,0.1074617992,0.3893322236,-0.4,0.7525852304,0.2837230206,-0.4,0.7412581059,0.1781138177,-0.4,0.7299309813,0.4033981037,-0.5303876728,0,0.2990037925,-0.5416494572,0,0.1946094813,-0.5529112416,0
0.2976963457,-0.511724604,0.4156772815,1.5707963268,0,0.1084072298,0.3911569429,-0.4,0.752772629,0.2855369205,-0.4,0.7413450687,0.179916898,-0.4,0.7299175084,0.4053258135,-0.5301880177,0,0.3009421962,-0.5415484947,0,0.1965585789,-0.5529089716,0
0.2996046781,-0.511625152,0.4156772815,1.5707963268,0,0.1093685679,0.3929786077,-0.4,0.7529630141,0.2873474847,-0.4,0.741433307,0.1817163617,-0.4,0.7299035998,0.4072518458,-0.5299850889,0,0.302879198,-0.5414459085,0,0.1985065502,-0.5529067282,0
0.3015110897,-0.5115241209,0.4156772815,1.5707963268,0,0.1103461958,0.3947971487,-0.4,0.7531564533,0.2891546345,-0.4,0.7415228463,0.1835121203,-0.4,0.7298892393,0.4091761551,-0.5297788102,0,0.3048147616,-0.5413416619,0,0.2004533681,-0.5529045137,0
0.3034155313,-0.5114214756,0.4156772815,1.5707963268,0,0.1113405071,0.3966124948,-0.4,0.753353016,0.2909582888,-0.4,0.741613713,0.1853040829,-0.4,0.7298744101,0.4110986944,-0.5295691032,0,0.3067488495,-0.5412357169,0,0.2023990046,-0.5529023307,0
0.3053179525,-0.5113171798,0.4156772815,1.5707963268,0,0.1123519075,0.3984245726,-0.4,0.7535527736,0.2927583641,-0.4,0.7417059339,0.1870921556,-0.4,0.7298590943,0.413019415,-0.5293558874,0,0.3086814231,-0.5411280346,0,0.2043434312,-0.5529001819,0
0.307218301,-0.5112111966,0.4156772815,1.5707963268,0,0.1133808152,0.4,-0.3979510989,0.7516936581,0.2945547742,-0.4,0.7417995366,0.1888762417,-0.4,0.7298432736,0.4149382666,-0.5291390798,0,0.3106124424,-0.5410185749,0,0.2062866182,-0.55289807,0
0.3091165229,-0.5111034877,0.4156772815,1.5707963268,0,0.1144276608,0.4,-0.3822620323,0.736107437,0.2963474305,-0.4,0.7418945492,0.1906562414,-0.4,0.7298269288,0.4168551973,-0.5289185949,0,0.3125418662,-0.5409072966,0,0.2082285352,-0.5528959982,0
0.3110125626,-0.510994014,0.4156772815,1.5707963268,0,0.1154928886,0.4,-0.3668954411,0.7208453839,0.2981362416,-0.4,0.7419910003,0.1924320515,-0.4,0.7298100398,0.418770153,-0.5286943449,0,0.3144696518,-0.5407941572,0,0.2101691507,-0.5528939695,0
0.3129063625,-0.5108827353,0.4156772815,1.5707963268,0,0.1165769564,0.4,-0.3518507404,0.7059069525,0.2999211134,-0.4,0.7420889196,0.194203566,-0.4,0.7297925855,0.420683078,-0.5284662393,0,0.3163957551,-0.5406791133,0,0.2121084322,-0.5528919872,0
0.3147978633,-0.5107696102,0.4156772815,1.5707963268,0,0.1176803363,0.4,-0.3371273253,0.6912915781,0.3017019488,-0.4,0.7421883372,0.195970675,-0.4,0.7297745441,0.4225939144,-0.5282341849,0,0.3183201305,-0.5405621199,0,0.2140463465,-0.552890055,0
0.3166870036,-0.5106545963,0.4156772815,1.5707963268,0,0.1188035151,0.4,-0.3227245711,0.6769986771,0.3034786479,-0.4,0.7422892837,0.1977332655,-0.4,0.7297558925,0.4245026025,-0.5279980858,0,0.3202427308,-0.5404431311,0,0.2159828591,-0.5528881765,0
0.3185737199,-0.51053765,0.4156772815,1.5707963268,0,0.1199469947,0.4,-0.308641832,0.663027646,0.3052511076,-0.4,0.7423917908,0.1994912207,-0.4,0.7297366068,0.4264090803,-0.5277578431,0,0.3221635074,-0.5403220994,0,0.2179179345,-0.5528863556,0
0.3204579468,-0.5104187263,0.4156772815,1.5707963268,0,0.1211112931,0.4,-0.2948784404,0.6493778608,0.3070192215,-0.4,0.7424958906,0.2012444198,-0.4,0.7297166619,0.4283132835,-0.5275133553,0,0.3240824098,-0.5401989759,0,0.2198515361,-0.5528845965,0
0.3223396164,-0.5102977792,0.4156772815,1.5707963268,0,0.1222969444,0.4,-0.2814337059,0.636048676,0.3087828802,-0.4,0.742601616,0.2029927384,-0.4,0.7296960317,0.4302151455,-0.5272645174,0,0.3259993858,-0.5400737106,0,0.2217836261,-0.5528829037,0
0.3242186586,-0.5101747614,0.4156772815,1.5707963268,0,0.1235044997,0.4,-0.268306915,0.6230394238,0.3105419705,-0.4,0.7427090009,0.2047360478,-0.4,0.7296746885,0.4321145974,-0.5270112216,0,0.3279143815,-0.5399462517,0,0.2237141656,-0.5528812818,0
0.3260950012,-0.5100496243,0.4156772815,1.5707963268,0,0.1247345276,0.4,-0.2554973293,0.6103494133,0.312296376,-0.4,0.7428180794,0.2064742151,-0.4,0.7296526038,0.4340115676,-0.5267533568,0,0.329827341,-0.5398165462,0,0.2256431143,-0.5528797356,0
0.327968569,-0.5099223178,0.4156772815,1.5707963268,0,0.125987615,0.4,-0.2430041851,0.5979779294,0.3140459764,-0.4,0.7429288868,0.2082071031,-0.4,0.7296297475,0.435905982,-0.5264908083,0,0.3317382065,-0.5396845394,0,0.2275704309,-0.5528782705,0
0.3298392847,-0.5097927907,0.4156772815,1.5707963268,0,0.1272643675,0.4,-0.2308266923,0.585924232,0.3157906477,-0.4,0.7430414591,0.2099345699,-0.4,0.729606088,0.4377977635,-0.5262234584,0,0.333646918,-0.5395501751,0,0.2294960725,-0.5528768919,0
0.331707068,-0.5096609901,0.4156772815,1.5707963268,0,0.1285654102,0.4,-0.2189640335,0.5741875551,0.3175302618,-0.4,0.7431558328,0.211656469,-0.4,0.7295815924,0.4396868325,-0.5259511853,0,0.3355534138,-0.5394133955,0,0.231419995,-0.5528756056,0
0.3335718361,-0.5095268619,0.4156772815,1.5707963268,0,0.1298913884,0.4,-0.2074153622,0.5627671052,0.3192646869,-0.4,0.7432720455,0.213372649,-0.4,0.7295562261,0.4415731061,-0.525673864,0,0.3374576295,-0.5392741409,0,0.2333421529,-0.5528744178,0
0.335433503,-0.5093903503,0.4156772815,1.5707963268,0,0.1312429683,0.4,-0.1961798027,0.5516620608,0.3209937867,-0.4,0.7433901354,0.2150829531,-0.4,0.7295299529,0.4434564983,-0.5253913654,0,0.3393594986,-0.5391323502,0,0.235262499,-0.552873335,0
0.3372919799,-0.5092513982,0.4156772815,1.5707963268,0,0.1326208377,0.4,-0.1852564481,0.5408715711,0.3227174204,-0.4,0.7435101414,0.2167872196,-0.4,0.7295027349,0.44533692,-0.5251035565,0,0.3412589524,-0.5389879603,0,0.2371809848,-0.5528723641,0
0.3391471749,-0.5091099467,0.4156772815,1.5707963268,0,0.1340257069,0.4,-0.1746443594,0.5303947545,0.3244354431,-0.4,0.7436321035,0.2184852811,-0.4,0.7294745323,0.4472142785,-0.5248103004,0,0.3431559194,-0.5388409064,0,0.2390975604,-0.5528715124,0
0.3409989927,-0.5089659355,0.4156772815,1.5707963268,0,0.1354583094,0.4,-0.1643425641,0.5202306976,0.3261477048,-0.4,0.7437560622,0.2201769644,-0.4,0.7294453033,0.4490884778,-0.524511456,0,0.3450503258,-0.5386911218,0,0.2410121738,-0.5528707876,0
0.3428473348,-0.5088193026,0.4156772815,1.5707963268,0,0.1369194027,0.4,-0.1620962182,0.5180504571,0.327854051,-0.4,0.7438820588,0.2218620906,-0.4,0.7294150041,0.450959418,-0.5242068778,0,0.3469420949,-0.5385385378,0,0.2429247717,-0.5528701979,0
0.3446920992,-0.5086699843,0.4156772815,1.5707963268,0,0.1384097691,0.4,-0.1620470915,0.5180435565,0.3295543219,-0.4,0.7440101356,0.2235404744,-0.4,0.7293835888,0.4528269954,-0.5238964158,0,0.3488311472,-0.5383830838,0,0.2448352989,-0.5528697518,0
0.34653318,-0.5085179152,0.4156772815,1.5707963268,0,0.1399302169,0.4,-0.1619964075,0.5180314544,0.3312483527,-0.4,0.7441403355,0.2252119242,-0.4,0.7293510092,0.4546911022,-0.5235799157,0,0.3507174004,-0.5382246872,0,0.2467436986,-0.5528694587,0
0.3483704677,-0.5083630282,0.4156772815,1.5707963268,0,0.1414815808,0.4,-0.1619441033,0.5180143211,0.3329359732,-0.4,0.7442727022,0.2268762419,-0.4,0.7293172146,0.4565516264,-0.5232572183,0,0.3526007691,-0.5380632732,0,0.2486499118,-0.552869328,0
0.350203849,-0.5082052543,0.4156772815,1.5707963268,0,0.1430647232,0.4,-0.161890113,0.5179923318,0.3346170076,-0.4,0.7444072802,0.2285332223,-0.4,0.7292821519,0.4584084518,-0.5229281597,0,0.3544811648,-0.5378987649,0,0.2505538778,-0.5528693701,0
0.3520332064,-0.5080445228,0.4156772815,1.5707963268,0,0.1446805351,0.4,-0.1618343677,0.5179656662,0.3362912743,-0.4,0.7445441147,0.2301826531,-0.4,0.7292457653,0.4602614573,-0.5225925707,0,0.3563584957,-0.5377310833,0,0.252455534,-0.5528695958,0
0.3538584179,-0.5078807611,0.4156772815,1.5707963268,0,0.146329937,0.4,-0.1617767949,0.5179345094,0.3379585859,-0.4,0.7446832517,0.2318243146,-0.4,0.729207996,0.4621105172,-0.5222502774,0,0.3582326664,-0.537560147,0,0.2543548156,-0.5528700166,0
0.3556793576,-0.5077138946,0.4156772815,1.5707963268,0,0.1480138798,0.4,-0.1617173189,0.5178990513,0.3396187486,-0.4,0.7448247378,0.2334579793,-0.4,0.7291687823,0.4639555008,-0.5219011003,0,0.3601035782,-0.5373858725,0,0.2562516556,-0.5528706447,0
0.3574958946,-0.5075438471,0.4156772815,1.5707963268,0,0.1497333462,0.4,-0.1616558599,0.5178594867,0.3412715626,-0.4,0.7449686203,0.2350834118,-0.4,0.7291280595,0.4657962722,-0.5215448548,0,0.3619711286,-0.5372081739,0,0.2581459851,-0.552871493,0
0.3593078934,-0.5073705402,0.4156772815,1.5707963268,0,0.1514893515,0.4,-0.1615923345,0.517816016,0.3429168213,-0.4,0.7451149473,0.2367003684,-0.4,0.7290857593,0.4676326898,-0.5211813503,0,0.3638352112,-0.5370269626,0,0.2600377326,-0.552872575,0
0.3611152136,-0.5071938934,0.4156772815,1.5707963268,0,0.1532829445,0.4,-0.1615266551,0.5177688443,0.3445543112,-0.4,0.7452637673,0.2383085965,-0.4,0.7290418102,0.4694646067,-0.5208103908,0,0.3656957156,-0.536842148,0,0.2619268245,-0.5528739052,0
0.3629177095,-0.5070138247,0.4156772815,1.5707963268,0,0.1551152092,0.4,-0.1614587295,0.5177181824,0.346183812,-0.4,0.7454151295,0.2399078348,-0.4,0.7289961365,0.4712918698,-0.5204317745,0,0.3675525273,-0.5366536368,0,0.2638131848,-0.5528754991,0
0.3647152303,-0.5068302495,0.4156772815,1.5707963268,0,0.1569872654,0.4,-0.1613884613,0.5176642462,0.347805096,-0.4,0.7455690836,0.2414978126,-0.4,0.7289486591,0.4731143198,-0.5200452935,0,0.3694055273,-0.5364613331,0,0.2656967348,-0.5528773727,0
0.3665076195,-0.5066430816,0.4156772815,1.5707963268,0,0.1589002699,0.4,-0.1613157488,0.5176072568,0.3494179281,-0.4,0.7457256797,0.2430782495,-0.4,0.7288992943,0.4749317911,-0.5196507335,0,0.3712545923,-0.5362651384,0,0.2675773935,-0.5528795432,0
0.368294715,-0.5064522325,0.4156772815,1.5707963268,0,0.1608554181,0.4,-0.1612404856,0.5175474408,0.3510220655,-0.4,0.7458849684,0.2446488552,-0.4,0.7288479542,0.4767441112,-0.5192478744,0,0.3730995942,-0.5360649517,0,0.2694550771,-0.5528820289,0
0.3700763486,-0.5062576119,0.4156772815,1.5707963268,0,0.1628539447,0.4,-0.1611625596,0.5174850304,0.3526172572,-0.4,0.7460470005,0.246209329,-0.4,0.7287945462,0.4785511006,-0.5188364894,0,0.3749403999,-0.5358606692,0,0.2713296992,-0.5528848491,0
0.371852346,-0.5060591272,0.4156772815,1.5707963268,0,0.1648971252,0.4,-0.161081853,0.5174202627,0.3542032442,-0.4,0.7462118272,0.2477593592,-0.4,0.7287389728,0.4803525726,-0.5184163451,0,0.3767768716,-0.5356521846,0,0.2732011706,-0.5528880241,0
0.3736225266,-0.5058566839,0.4156772815,1.5707963268,0,0.166986277,0.4,-0.160998242,0.5173533807,0.3557797589,-0.4,0.7463794997,0.2492986232,-0.4,0.7286811311,0.4821483325,-0.5179872016,0,0.3786088658,-0.5354393887,0,0.2750693991,-0.5528915758,0
0.3753867031,-0.5056501855,0.4156772815,1.5707963268,0,0.1691227607,0.4,-0.1609115967,0.5172846323,0.3573465251,-0.4,0.7465500693,0.2508267868,-0.4,0.728620913,0.4839381779,-0.517548812,0,0.3804362338,-0.5352221695,0,0.2769342897,-0.552895527,0
0.3771446813,-0.5054395334,0.4156772815,1.5707963268,0,0.1713079812,0.4,-0.1608217799,0.517214271,0.3589032574,-0.4,0.7467235873,0.2523435036,-0.4,0.7285582043,0.485721898,-0.5171009228,0,0.3822588212,-0.5350004125,0,0.2787957444,-0.5528999021,0
0.3788962599,-0.505224627,0.4156772815,1.5707963268,0,0.1735433891,0.4,-0.1607286479,0.5171425556,0.3604496614,-0.4,0.7469001048,0.2538484149,-0.4,0.7284928848,0.4874992734,-0.5166432731,0,0.3840764676,-0.534774,0,0.2806536619,-0.552904727,0
0.3806412305,-0.5050053638,0.4156772815,1.5707963268,0,0.1758304819,0.4,-0.160632049,0.5170697498,0.3619854329,-0.4,0.7470796723,0.2553411493,-0.4,0.7284248277,0.4892700753,-0.5161755951,0,0.3858890067,-0.534542812,0,0.2825079381,-0.5529100289,0
0.3823793767,-0.5047816395,0.4156772815,1.5707963268,0,0.178170805,0.4,-0.1605318239,0.5169961225,0.3635102581,-0.4,0.7472623402,0.2568213218,-0.4,0.7283538991,0.491034066,-0.5156976139,0,0.3876962657,-0.5343067253,0,0.2843584654,-0.5529158368,0
0.3841104746,-0.504553348,0.4156772815,1.5707963268,0,0.180565953,0.4,-0.1604278047,0.5169219478,0.3650238132,-0.4,0.7474481579,0.2582885337,-0.4,0.7282799582,0.4927909976,-0.5152090472,0,0.3894980653,-0.5340656144,0,0.2862051329,-0.5529221816,0
0.3858342921,-0.5043203812,0.4156772815,1.5707963268,0,0.1830175711,0.4,-0.1603198149,0.5168475042,0.3665257639,-0.4,0.747637174,0.2597423723,-0.4,0.728202856,0.4945406122,-0.5147096056,0,0.3912942193,-0.5338193506,0,0.2880478264,-0.5529290957,0
0.3875505888,-0.5040826297,0.4156772815,1.5707963268,0,0.1855273557,0.4,-0.1602076683,0.5167730751,0.3680157656,-0.4,0.7478294362,0.26118241,-0.4,0.7281224357,0.4962826411,-0.5141989921,0,0.3930845347,-0.5335678029,0,0.2898864283,-0.5529366137,0
0.3892591155,-0.5038399822,0.4156772815,1.5707963268,0,0.1880970562,0.4,-0.1600911693,0.5166989481,0.3694934626,-0.4,0.7480249907,0.2626082038,-0.4,0.7280385316,0.4980168049,-0.5136769027,0,0.3948688112,-0.5333108375,0,0.2917208175,-0.5529447723,0
0.3909596144,-0.5035923262,0.4156772815,1.5707963268,0,0.1907284753,0.4,-0.1599701114,0.5166254149,0.3709584885,-0.4,0.7482238821,0.2640192954,-0.4,0.727950969,0.4997428123,-0.513143026,0,0.3966468407,-0.5330483181,0,0.2935508692,-0.5529536102,0
0.3926518186,-0.5033395481,0.4156772815,1.5707963268,0,0.1934234702,0.4,-0.1598442775,0.516552771,0.3724104652,-0.4,0.7484261532,0.2654152101,-0.4,0.7278595633,0.5014603604,-0.5125970433,0,0.3984184079,-0.5327801059,0,0.2953764553,-0.5529631685,0
0.3943354515,-0.5030815328,0.4156772815,1.5707963268,0,0.1961839537,0.4,-0.1597134387,0.5164813155,0.3738490036,-0.4,0.7486318445,0.2667954565,-0.4,0.7277641199,0.503169134,-0.5120386289,0,0.400183289,-0.5325060599,0,0.297197444,-0.5529734909,0
0.3960102275,-0.5028181646,0.4156772815,1.5707963268,0,0.1990118948,0.4,-0.1595773538,0.5164113503,0.3752737024,-0.4,0.7488409943,0.2681595262,-0.4,0.7276644333,0.5048688048,-0.5114674501,0,0.4019412522,-0.5322260367,0,0.2990136996,-0.5529846234,0
0.3976758506,-0.502549327,0.4156772815,1.5707963268,0,0.2019093192,0.4,-0.1594357688,0.5163431798,0.3766841486,-0.4,0.7490536376,0.2695068929,-0.4,0.7275602863,0.5065590316,-0.5108831672,0,0.4036920574,-0.531939891,0,0.3008250832,-0.5529966149,0
0.3993320151,-0.5022749032,0.4156772815,1.5707963268,0,0.20487831,0.4,-0.1592884161,0.5162771105,0.3780799172,-0.4,0.7492698064,0.2708370122,-0.4,0.7274514501,0.5082394593,-0.5102854339,0,0.4054354556,-0.5316474756,0,0.3026314519,-0.5530095174,0
0.4009784049,-0.501994776,0.4156772815,1.5707963268,0,0.2079210081,0.4,-0.1591350135,0.5162134504,0.3794605707,-0.4,0.7494895288,0.2721493211,-0.4,0.7273376825,0.5099097186,-0.5096738977,0,0.4071711889,-0.5313486417,0,0.3044326593,-0.5530233856,0
0.4026146937,-0.5017088287,0.4156772815,1.5707963268,0,0.2110396123,0.4,-0.1589752638,0.5161525081,0.3808256594,-0.4,0.7497128288,0.2734432374,-0.4,0.7272187285,0.5115694257,-0.5090482,0,0.4088989905,-0.5310432388,0,0.3062285553,-0.5530382776,0
0.4042405442,-0.5014169448,0.4156772815,1.5707963268,0,0.2142363793,0.4,-0.1588088539,0.5160945919,0.3821747209,-0.4,0.7499397257,0.2747181593,-0.4,0.7270943182,0.5132181817,-0.5084079763,0,0.410618584,-0.5307311156,0,0.3080189863,-0.5530542549,0
0.4058556085,-0.5011190089,0.4156772815,1.5707963268,0,0.2175136237,0.4,-0.1586354537,0.5160400096,0.3835072805,-0.4,0.7501702336,0.2759734647,-0.4,0.726964167,0.5148555721,-0.5077528571,0,0.4123296836,-0.5304121199,0,0.3098037951,-0.5530713826,0
0.407459528,-0.5008149066,0.4156772815,1.5707963268,0,0.2208737172,0.4,-0.1584547154,0.5159890668,0.3848228504,-0.4,0.7504043604,0.2772085113,-0.4,0.7268279745,0.5164811665,-0.507082468,0,0.4140319939,-0.5300860988,0,0.3115828213,-0.5530897296,0
0.4090519327,-0.5005045257,0.4156772815,1.5707963268,0,0.2243190883,0.4,-0.1582662726,0.5159420663,0.3861209305,-0.4,0.750642108,0.2784226356,-0.4,0.7266854233,0.5180945182,-0.5063964306,0,0.4157252095,-0.5297528996,0,0.3133559009,-0.5531093686,0
0.4106324417,-0.500187756,0.4156772815,1.5707963268,0,0.2278522211,0.4,-0.1580697392,0.5158993068,0.387401008,-0.4,0.7508834706,0.2796151526,-0.4,0.7265361787,0.5196951635,-0.505694363,0,0.4174090151,-0.5294123698,0,0.3151228667,-0.5531303766,0
0.4122006632,-0.4998644901,0.4156772815,1.5707963268,0,0.231475654,0.4,-0.1578647085,0.5158610816,0.3886625574,-0.4,0.7511284349,0.2807853558,-0.4,0.7263798871,0.5212826218,-0.5049758804,0,0.4190830853,-0.5290643577,0,0.3168835488,-0.553152835,0
0.4137561939,-0.4995346243,0.4156772815,1.5707963268,0,0.2351919778,0.4,-0.1576507523,0.5158276771,0.3899050408,-0.4,0.7513769786,0.2819325165,-0.4,0.7262161755,0.5228563948,-0.5042405963,0,0.4207470844,-0.5287087129,0,0.318637774,-0.5531768296,0
0.4152986198,-0.4991980587,0.4156772815,1.5707963268,0,0.2390038342,0.4,-0.1574274192,0.5157993715,0.3911279081,-0.4,0.75162907,0.2830558834,-0.4,0.7260446506,0.5244159665,-0.5034881232,0,0.4224006667,-0.5283452872,0,0.3203853669,-0.5532024512,0
0.4168275159,-0.4988546984,0.4156772815,1.5707963268,0,0.2429139127,0.4,-0.1571942344,0.5157764327,0.3923305969,-0.4,0.7518846668,0.2841546826,-0.4,0.725864897,0.5259608029,-0.5027180739,0,0.4240434761,-0.5279739346,0,0.3221261493,-0.5532297954,0
0.4183424463,-0.4985044541,0.4156772815,1.5707963268,0,0.2469249484,0.4,-0.1569506976,0.5157591169,0.3935125332,-0.4,0.7521437154,0.2852281174,-0.4,0.725676477,0.5274903515,-0.5019300622,0,0.4256751464,-0.5275945127,0,0.3238599414,-0.5532589633,0
0.4198429647,-0.4981472428,0.4156772815,1.5707963268,0,0.2510397176,0.4,-0.1566962826,0.5157476662,0.3946731315,-0.4,0.7524061498,0.2862753676,-0.4,0.725478929,0.5290040415,-0.5011237047,0,0.4272953013,-0.5272068829,0,0.3255865612,-0.553290061,0
0.4213286147,-0.4977829889,0.4156772815,1.5707963268,0,0.2552610351,0.4,-0.1564304357,0.5157423068,0.3958117954,-0.4,0.7526718905,0.2872955901,-0.4,0.7252717663,0.5305012834,-0.500298622,0,0.4289035546,-0.5268109114,0,0.3273058257,-0.5533232008,0
0.42279893,-0.4974116248,0.4156772815,1.5707963268,0,0.2595917487,0.4,-0.1561525742,0.5157432462,0.3969279175,-0.4,0.7529408432,0.2882879182,-0.4,0.7250544762,0.5319814694,-0.4994544403,0,0.4304995101,-0.5264064704,0,0.3290175507,-0.5533585004,0
0.424253435,-0.4970330924,0.4156772815,1.5707963268,0,0.2640347349,0.4,-0.1558620856,0.5157506711,0.3980208809,-0.4,0.753212898,0.2892514618,-0.4,0.7248265187,0.5334439729,-0.4985907928,0,0.4320827623,-0.5259934383,0,0.3307215516,-0.5533960838,0
0.4256916451,-0.4966473437,0.4156772815,1.5707963268,0,0.2685928928,0.4,-0.1555583263,0.5157647442,0.3990900591,-0.4,0.7534879281,0.2901853078,-0.4,0.7245873249,0.534888149,-0.497707322,0,0.4336528965,-0.5255717016,0,0.332417644,-0.5534360812,0
0.427113068,-0.4962543422,0.4156772815,1.5707963268,0,0.2732691383,0.4,-0.1552406196,0.5157856018,0.4,-0.3995189936,0.7532662457,0.2910885195,-0.4,0.7243362965,0.5363133346,-0.496803681,0,0.4352094892,-0.5251411552,0,0.3341056438,-0.5534786293,0
0.4285172038,-0.4958540638,0.4156772815,1.5707963268,0,0.2780663967,0.4,-0.1549082553,0.5158133504,0.4,-0.3959556398,0.7498403955,0.2919601373,-0.4,0.7240728036,0.5377188491,-0.4958795365,0,0.4367521088,-0.5247017039,0,0.3357853684,-0.5535238714,0
0.429903546,-0.4954464984,0.4156772815,1.5707963268,0,0.2829875957,0.4,-0.1545604874,0.5158480631,0.4,-0.3926115793,0.7466348537,0.2927991788,-0.4,0.7237961841,0.5391039944,-0.4949345699,0,0.4382803157,-0.5242532637,0,0.337456637,-0.5535719576,0
0.4312715829,-0.4950316507,0.4156772815,1.5707963268,0,0.2880356569,0.4,-0.1541965337,0.5158897766,0.4,-0.3894823898,0.7436450798,0.2936046392,-0.4,0.7235057422,0.5404680557,-0.4939684805,0,0.4397936635,-0.5237957628,0,0.3391192714,-0.553623045,0
0.4326207982,-0.494609542,0.4156772815,1.5707963268,0,0.2932134869,0.4,-0.1538155735,0.5159384874,0.4,-0.3865635321,0.7408664039,0.2943754917,-0.4,0.7232007471,0.5418103023,-0.4929809877,0,0.4412916996,-0.5233291427,0,0.3407730969,-0.5536772977,0
0.4339506726,-0.494180211,0.4156772815,1.5707963268,0,0.2985239679,0.4,-0.153416747,0.5159941472,0.4,-0.3838503525,0.7382940285,0.2951106876,-0.4,0.7228804313,0.5431299887,-0.4919718337,0,0.4427739659,-0.5228533603,0,0.3424179431,-0.553734887,0
0.4352606848,-0.4937437157,0.4156772815,1.5707963268,0,0.3039699472,0.4,-0.1529991535,0.5160566598,0.4,-0.3813380859,0.7359230308,0.2958091574,-0.4,0.7225439902,0.5444263551,-0.4909407858,0,0.4442399999,-0.5223683886,0,0.3440536446,-0.5537959915,0
0.4365503134,-0.4933001344,0.4156772815,1.5707963268,0,0.3095542267,0.4,-0.1525618502,0.5161258759,0.4,-0.3790218594,0.7337483654,0.296469811,-0.4,0.7221905797,0.5456986293,-0.4898876398,0,0.4456893358,-0.5218742183,0,0.3456800423,-0.5538607968,0
0.4378190381,-0.4928495674,0.4156772815,1.5707963268,0,0.3152795512,0.4,-0.1521038509,0.516201589,0.4,-0.376896697,0.7317648687,0.2970915387,-0.4,0.7218193159,0.5469460276,-0.4888122226,0,0.4471215058,-0.5213708594,0,0.3472969839,-0.5539294962,0
0.4390663419,-0.4923921381,0.4156772815,1.5707963268,0,0.3211485964,0.4,-0.1516241248,0.5162835309,0.4,-0.3749575241,0.7299672624,0.2976732114,-0.4,0.7214292733,0.5481677567,-0.4877143952,0,0.4485360411,-0.5208583425,0,0.3489043255,-0.5540022898,0
0.4402917124,-0.4919279944,0.4156772815,1.5707963268,0,0.3271639564,0.4,-0.1511215951,0.5163713665,0.4,-0.373199174,0.7283501595,0.298213682,-0.4,0.7210194837,0.5493630152,-0.4865940558,0,0.4499324737,-0.5203367205,0,0.3505019322,-0.5540793852,0
0.4414946443,-0.4914573104,0.4156772815,1.5707963268,0,0.3333281306,0.4,-0.1505951378,0.5164646888,0.4,-0.3716163943,0.72690807,0.2987117855,-0.4,0.7205889351,0.5505309958,-0.4854511429,0,0.4513103377,-0.5198060699,0,0.3520896796,-0.5541609968,0
0.4426746414,-0.4909802873,0.4156772815,1.5707963268,0,0.3396435102,0.4,-0.1500435807,0.5165630142,0.4,-0.3702038541,0.7256354076,0.2991663404,-0.4,0.7201365704,0.5516708876,-0.4842856382,0,0.4526691711,-0.519266492,0,0.3536674546,-0.5542473458,0
0.4438312186,-0.4904971547,0.4156772815,1.5707963268,0,0.3461123649,0.4,-0.149465702,0.5166657769,0.4,-0.3689561524,0.7245264975,0.2995761492,-0.4,0.7196612865,0.5527818778,-0.4830975698,0,0.4540085172,-0.5187181149,0,0.3552351566,-0.5543386601,0
0.4449639044,-0.4900081721,0.4156772815,1.5707963268,0,0.3527368287,0.4,-0.1488602295,0.5167723241,0.4,-0.3678678269,0.7235755846,0.2999399992,-0.4,0.7191619332,0.5538631551,-0.4818870151,0,0.455327927,-0.5181610944,0,0.356792699,-0.5544351737,0
0.4460722432,-0.4895136293,0.4156772815,1.5707963268,0,0.3595188858,0.4,-0.1482258395,0.51688191,0.4,-0.3669333633,0.7227768428,0.3002566631,-0.4,0.718637312,0.5549139118,-0.4806541038,0,0.4566269608,-0.5175956153,0,0.3583400099,-0.5545371268,0
0.4471557981,-0.489013848,0.4156772815,1.5707963268,0,0.3664603572,0.4,-0.1475611558,0.5169936909,0.4,-0.3661472059,0.7221243846,0.3005249003,-0.4,0.7180861756,0.5559333468,-0.4793990207,0,0.4579051902,-0.5170218928,0,0.3598770335,-0.5546447649,0
0.448214153,-0.4885091822,0.4156772815,1.5707963268,0,0.3735628864,0.4,-0.1468647487,0.5171067198,0.4,-0.3655037682,0.7216122723,0.3007434567,-0.4,0.7175072264,0.5569206689,-0.4781220081,0,0.4591622002,-0.5164401733,0,0.3614037314,-0.5547583384,0
0.4492469153,-0.4880000188,0.4156772815,1.5707963268,0,0.3808279264,0.4,-0.1461351344,0.5172199409,0.4,-0.3649974443,0.7212345284,0.3009110657,-0.4,0.7168991162,0.5578750999,-0.4768233686,0,0.4603975916,-0.5158507355,0,0.3629200832,-0.5548781023,0
0.4502537188,-0.4874867784,0.4156772815,1.5707963268,0,0.3882567265,0.4,-0.1453707738,0.5173321846,0.4,-0.3646226211,0.720985148,0.3010264486,-0.4,0.7162604451,0.5587958777,-0.475503467,0,0.4616109829,-0.5152538912,0,0.3644260881,-0.5550043155,0
0.451234226,-0.4869699154,0.4156772815,1.5707963268,0,0.3958503198,0.4,-0.144570072,0.5174421619,0.4,-0.3643736899,0.7208581111,0.3010883144,-0.4,0.7155897609,0.5596822599,-0.4741627323,0,0.4628020127,-0.514649986,0,0.3659217656,-0.5551372396,0
0.4521881305,-0.4864499177,0.4156772815,1.5707963268,0,0.4036095117,0.4,-0.1437313776,0.5175484598,0.4,-0.3642450597,0.7208473948,0.3010953604,-0.4,0.7148855581,0.5605335275,-0.4728016596,0,0.4639703419,-0.5140393994,0,0.3674071562,-0.5552771391,0
0.45311516,-0.4859273074,0.4156772815,1.5707963268,0,0.4115348694,0.4,-0.1428529815,0.5176495359,0.4,-0.3642311697,0.7209469871,0.3010462713,-0.4,0.7141462777,0.5613489882,-0.4714208108,0,0.4651156556,-0.5134225453,0,0.368882323,-0.5554242797,0
0.4540150784,-0.4854026395,0.4156772815,1.5707963268,0,0.4196267118,0.4,-0.1419331167,0.517743714,0.4,-0.364326502,0.7211508995,0.3009397195,-0.4,0.7133703059,0.5621279801,-0.4700208163,0,0.4662376658,-0.5127998722,0,0.3703473514,-0.555578928,0
0.4548876881,-0.4848765018,0.4156772815,1.5707963268,0,0.4278851009,0.4,-0.1409699572,0.5178291795,0.4,-0.3645255948,0.7214531809,0.3007743639,-0.4,0.712555974,0.5628698755,-0.4686023749,0,0.4673361131,-0.5121718625,0,0.3718023507,-0.5557413501,0
0.4557328323,-0.484349514,0.4156772815,1.5707963268,0,0.436309835,0.4,-0.1399616171,0.5179039749,0.4,-0.364823055,0.7218479304,0.300548849,-0.4,0.7117015572,0.5635740841,-0.4671662542,0,0.468410769,-0.5115390326,0,0.3732474539,-0.5559118111,0
0.4565503972,-0.4838223265,0.4156772815,1.5707963268,0,0.4449004424,0.4,-0.1389061503,0.5179659958,0.4,-0.365213571,0.7223293112,0.3002618038,-0.4,0.7108052741,0.5642400569,-0.4657132902,0,0.4694614377,-0.510901932,0,0.3746828185,-0.5560905737,0
0.4573403135,-0.4832956188,0.4156772815,1.5707963268,0,0.4536561773,0.4,-0.1378015487,0.5180129867,0.4,-0.3656919242,0.7228915632,0.2999118397,-0.4,0.7098652856,0.5648672894,-0.4642443866,0,0.4704879579,-0.5102611421,0,0.3761086264,-0.5562778975,0
0.4581025583,-0.4827700983,0.4156772815,1.5707963268,0,0.4625760168,0.4,-0.1366457418,0.5180425379,0.4,-0.3662530016,0.7235290155,0.2994975488,-0.4,0.7088796946,0.565455325,-0.4627605134,0,0.4714902046,-0.5096172755,0,0.3775250843,-0.5564740377,0
0.4588371567,-0.4822464982,0.4156772815,1.5707963268,0,0.4716586596,0.4,-0.1357997933,0.5183756646,0.4,-0.3668918063,0.7242360991,0.2990175014,-0.4,0.7078465443,0.566003758,-0.4612627051,0,0.4724680908,-0.5089709745,0,0.3789324237,-0.5566792438,0
0.4595441827,-0.4817255754,0.4156772815,1.5707963268,0,0.4809025269,0.4,-0.1406154702,0.5237648396,0.4,-0.367603468,0.7250073578,0.2984702433,-0.4,0.7067638172,0.5665122368,-0.4597520592,0,0.4734215685,-0.5083229092,0,0.3803309001,-0.5568937592,0
0.4602237603,-0.4812081084,0.4156772815,1.5707963268,0,0.490305764,0.4,-0.1454039164,0.5291275605,0.4,-0.3683832529,0.7258374598,0.2978542923,-0.4,0.7056294341,0.5669804661,-0.4582297324,0,0.4743506298,-0.5076737759,0,0.3817207935,-0.5571178193,0
0.460876064,-0.4806948945,0.4156772815,1.5707963268,0,0.4998662443,0.4,-0.1501608223,0.5344588789,0.4,-0.3692265725,0.7267212072,0.2971681346,-0.4,0.7044412523,0.56740821,-0.4566969388,0,0.4752553086,-0.5070242949,0,0.3831024072,-0.5573516509,0
0.4615013198,-0.4801867473,0.4156772815,1.5707963268,0,0.5095815747,0.4,-0.1548821452,0.5397540918,0.4,-0.3701289912,0.7276535455,0.2964102209,-0.4,0.7031970637,0.5677952937,-0.4551549455,0,0.4761356806,-0.5063752082,0,0.3844760674,-0.557595471,0
0.4620998045,-0.4796844942,0.4156772815,1.5707963268,0,0.5194491024,0.4,-0.1595641134,0.5450087469,0.4,-0.3710862337,0.728629572,0.2955789619,-0.4,0.7018945933,0.5681416057,-0.4536050693,0,0.476991864,-0.5057272775,0,0.3858421223,-0.5578494857,0
0.4626718463,-0.4791889725,0.4156772815,1.5707963268,0,0.5294659233,0.4,-0.1642032295,0.5502186483,0.4,-0.3720941907,0.7296445432,0.2946727229,-0.4,0.7005314964,0.568447099,-0.4520486721,0,0.4778240202,-0.5050812808,0,0.3872009414,-0.5581138895,0
0.4632178238,-0.4787010276,0.4156772815,1.5707963268,0,0.5396288918,0.4,-0.1687962717,0.5553798587,0.4,-0.3731489234,0.7306938806,0.2936898191,-0.4,0.699105356,0.5687117927,-0.4504871567,0,0.4786323534,-0.5044380103,0,0.388552914,-0.5583888639,0
0.4637381657,-0.4782215088,0.4156772815,1.5707963268,0,0.5499346318,0.4,-0.1733402933,0.5604887017,0.4,-0.3742466682,0.7317731769,0.2926285088,-0.4,0.6976136803,0.5689357729,-0.4489219619,0,0.4794171107,-0.5037982694,0,0.3898984485,-0.5586745769,0
0.4642333498,-0.4777512666,0.4156772815,1.5707963268,0,0.5603795492,0.4,-0.1778326212,0.5655417616,0.4,-0.3753838386,0.7328781995,0.2914869882,-0.4,0.6960538986,0.5691191929,-0.4473545577,0,0.4801785818,-0.5031628698,0,0.3912379707,-0.5589711819,0
0.4647039013,-0.4772911497,0.4156772815,1.5707963268,0,0.5709598443,0.4,-0.1822708521,0.5705358818,0.4,-0.3765570275,0.734004894,0.2902633835,-0.4,0.6944233583,0.5692622737,-0.4457864396,0,0.4809170982,-0.5025326285,0,0.3925719226,-0.5592788173,0
0.4651503921,-0.4768420014,0.4156772815,1.5707963268,0,0.5816715269,0.4,-0.1866528483,0.5754681629,0.4,-0.3777630079,0.7351493862,0.2889557444,-0.4,0.69271932,0.5693653041,-0.444219124,0,0.4816330324,-0.5019083647,0,0.3939007606,-0.5595976054,0
0.4655734385,-0.4764046564,0.4156772815,1.5707963268,0,0.59251043,0.4,-0.1909767315,0.580335958,0.4,-0.3789987323,0.7363079836,0.2875620362,-0.4,0.6909389529,0.5694286396,-0.4426541421,0,0.4823267971,-0.5012908971,0,0.3952249547,-0.5599276522,0
0.4659736995,-0.4759799385,0.4156772815,1.5707963268,0,0.6034722261,0.4,-0.1952408757,0.5851368677,0.4,-0.3802613321,0.7374771752,0.2860801315,-0.4,0.6890793298,0.5694527021,-0.4410930351,0,0.482998844,-0.5006810408,0,0.3965449859,-0.5602690464,0
0.4663518748,-0.4755686565,0.4156772815,1.5707963268,0,0.6145524421,0.4,-0.1994438993,0.5898687344,0.4,-0.3815481152,0.738653631,0.2845078018,-0.4,0.6871374209,0.5694379788,-0.4395373484,0,0.4836496621,-0.5000796041,0,0.3978613454,-0.5606218598,0
0.4667087023,-0.4751716022,0.4156772815,1.5707963268,0,0.6257464757,0.4,-0.2035846558,0.5945296344,0.4,-0.3828565636,0.7398342006,0.2828427079,-0.4,0.6851100879,0.5693850204,-0.4379886264,0,0.4842797765,-0.4994873862,0,0.3991745326,-0.560986146,0
0.467044956,-0.4747895473,0.4156772815,1.5707963268,0,0.6370496115,0.4,-0.2076622241,0.5991178704,0.4,-0.3841843297,0.7410159103,0.2810823906,-0.4,0.682994076,0.56929444,-0.4364484071,0,0.4848897466,-0.498905174,0,0.4004850532,-0.5613619409,0
0.4673614434,-0.4744232408,0.4156772815,1.5707963268,0,0.6484570369,0.4,-0.2116758984,0.6036319628,0.4,-0.385529232,0.7421959609,0.2792242603,-0.4,0.6807860071,0.5691669104,-0.4349182171,0,0.4854801642,-0.4983337397,0,0.4017934179,-0.5617492623,0
0.4676590027,-0.4740734065,0.4156772815,1.5707963268,0,0.659963858,0.4,-0.2156251767,0.6080706401,0.4,-0.3868892508,0.7433717232,0.2772655862,-0.4,0.6784823707,0.5690031627,-0.4333995668,0,0.4860516517,-0.4977738382,0,0.4031001407,-0.5621481097,0
0.4679385002,-0.4737407412,0.4156772815,1.5707963268,0,0.6715651153,0.4,-0.21950975,0.6124328296,0.4,-0.3882625231,0.7445407341,0.2752034849,-0.4,0.6760795148,0.5688039832,-0.4318939452,0,0.4866048601,-0.4972262049,0,0.404405737,-0.5625584646,0
0.4682008276,-0.4734259119,0.4156772815,1.5707963268,0,0.6832557993,0.4,-0.2233294905,0.6167176469,0.4,-0.3896473365,0.7457006919,0.2730349081,-0.4,0.6735736359,0.5685702115,-0.4304028159,0,0.4871404669,-0.4966915532,0,0.4057107222,-0.5629802905,0
0.4684468993,-0.4731295547,0.4156772815,1.5707963268,0,0.6950308646,0.4,-0.2270844401,0.6209243856,0.4,-0.3910421238,0.7468494508,0.2707566301,-0.4,0.6709607677,0.5683027369,-0.4289276126,0,0.4876591736,-0.4961705728,0,0.4070156103,-0.563413533,0
0.4686776492,-0.4728522727,0.4156772815,1.5707963268,0,0.7068852449,0.4,-0.2307747984,0.6250525071,0.4,-0.3924454565,0.7479850157,0.2683652338,-0.4,0.6682367694,0.5680024964,-0.4274697349,0,0.4881617042,-0.4956639276,0,0.4083209121,-0.5638581202,0
0.4688940284,-0.4725946345,0.4156772815,1.5707963268,0,0.718813866,0.4,-0.2344009115,0.6291016297,0.4,-0.3938560388,0.7491055364,0.2658570968,-0.4,0.6653973126,0.5676704708,-0.4260305452,0,0.4886488024,-0.4951722541,0,0.4096271339,-0.564313963,0
0.469097002,-0.4723571735,0.4156772815,1.5707963268,0,0.7308116595,0.4,-0.2379632599,0.6330715184,0.4,-0.3952727008,0.7502093013,0.2632283753,-0.4,0.6624378671,0.5673076823,-0.4246113645,0,0.4891212293,-0.49469616,0,0.4109347763,-0.5647809556,0
0.4692875467,-0.472140386,0.4156772815,1.5707963268,0,0.7428735743,0.4,-0.241462448,0.6369620741,0.4,-0.3966943923,0.7512947314,0.2604749884,-0.4,0.6593536856,0.5669151909,-0.4232134701,0,0.4895797618,-0.4942362228,0,0.4122443327,-0.5652589756,0
0.4694666478,-0.4719447312,0.4156772815,1.5707963268,0,0.7549945888,0.4,-0.2448991922,0.6407733239,0.4,-0.3981201757,0.7523603742,0.2575925999,-0.4,0.6561397873,0.566494091,-0.4218380923,0,0.4900251896,-0.4937929887,0,0.4135562882,-0.5657478851,0
0.4696352968,-0.4717706301,0.4156772815,1.5707963268,0,0.7671697212,0.4,-0.248274311,0.6445054109,0.4,-0.3995492201,0.7534048972,0.2545765999,-0.4,0.6527909394,0.5660455088,-0.4204864121,0,0.4904583137,-0.4933669715,0,0.4148711187,-0.566247531,0
0.4697944886,-0.4716184653,0.4156772815,1.5707963268,0,0.7793940399,0.4,-0.2515887146,0.6481585843,0.3990309129,-0.4,0.7530482823,0.2514220846,-0.4,0.649301638,0.5655705982,-0.4191595593,0,0.4908799437,-0.4929586523,0,0.4161892892,-0.5667577453,0
0.4699452194,-0.4714885804,0.4156772815,1.5707963268,0,0.7916626721,0.4,-0.2548433948,0.6517331905,0.397555299,-0.4,0.7519899439,0.2481238343,-0.4,0.6456660864,0.5650705382,-0.41785861,0,0.491290896,-0.4925684782,0,0.4175112538,-0.5672783463,0
0.471802844,-0.4696114769,0.4156772815,1.5707963268,0,0.8060029137,0.4,-0.2551832364,0.6534542961,0.3992619382,-0.4,0.7531911487,0.2476128531,-0.4,0.6437724802,0.5661493417,-0.4146229474,0,0.4934486063,-0.4903831156,0,0.420747871,-0.5661432837,0
0.4719822652,-0.4694398933,0.4156772815,1.5707963268,0,0.8182377722,0.4,-0.2581896865,0.65679516,0.3978250016,-0.4,0.7521361041,0.2442058648,-0.4,0.6400029726,0.5656489415,-0.4133011921,0,0.4938805392,-0.4899451511,0,0.422112137,-0.56658911,0
0.4721834071,-0.4692575387,0.4156772815,1.5707963268,0,0.8304169033,0.4,-0.2610619497,0.6600006048,0.3963915107,-0.4,0.7510599427,0.2407363486,-0.4,0.6361533307,0.5651594329,-0.4119822505,0,0.4943297871,-0.4894945804,0,0.4235001413,-0.5670069102,0
0.4724058336,-0.4690634056,0.4156772815,1.5707963268,0,0.8425352301,0.4,-0.2638046571,0.6630758998,0.3949623317,-0.4,0.7499640435,0.2372034907,-0.4,0.6322234308,0.5646809688,-0.4106656366,0,0.4947958205,-0.4890305908,0,0.4249106722,-0.567395545,0
0.4726490696,-0.4688564932,0.4156772815,1.5707963268,0,0.8545876369,0.4,-0.2664221641,0.6660260609,0.3935384411,-0.4,0.7488499101,0.2336065839,-0.4,0.62821327,0.5642136863,-0.4093508551,0,0.4952780771,-0.4885523815,0,0.4263424679,-0.5677539079,0
0.472912602,-0.4686358102,0.4156772815,1.5707963268,0,0.8665689805,0.4,-0.2689185688,0.6688558685,0.3921209323,-0.4,0.7477191762,0.2299450382,-0.4,0.6241229763,0.5637577061,-0.4080374023,0,0.4957759629,-0.4880591654,0,0.4277942196,-0.5680809286,0
0.4731958804,-0.4684003777,0.4156772815,1.5707963268,0,0.8784741024,0.4,-0.2712977304,0.6715698844,0.3907110224,-0.4,0.7465736131,0.2262183923,-0.4,0.6199528196,0.5633131325,-0.4067247675,0,0.4962888531,-0.4875501718,0,0.4292645736,-0.568375576,0
0.4734983184,-0.4681492317,0.4156772815,1.5707963268,0,0.8902978411,0.4,-0.2735632852,0.6741724674,0.3893100589,-0.4,0.745415135,0.2224263255,-0.4,0.6157032215,0.562880052,-0.4054124347,0,0.4968160938,-0.4870246483,0,0.4307521355,-0.568636862,0
0.4738192946,-0.4678814265,0.4156772815,1.5707963268,0,0.9020350462,0.4,-0.275718663,0.6766677876,0.3879195266,-0.4,0.7442458058,0.2185686692,-0.4,0.6113747672,0.5624585338,-0.4040998831,0,0.4973570034,-0.4864818638,0,0.4322554729,-0.5688638444,0
0.4741581544,-0.4675960371,0.4156772815,1.5707963268,0,0.9136805923,0.4,-0.2777671011,0.6790598391,0.3865410536,-0.4,0.743067845,0.2146454193,-0.4,0.6069682157,0.562048629,-0.4027865896,0,0.4979108744,-0.4859211098,0,0.4337731199,-0.5690556299,0
0.4745142116,-0.4672921622,0.4156772815,1.5707963268,0,0.9252293937,0.4,-0.2797116583,0.6813524529,0.3851764179,-0.4,0.7418836328,0.2106567478,-0.4,0.6024845106,0.5616503703,-0.4014720296,0,0.4984769756,-0.4853417036,0,0.4353035809,-0.5692113775,0
0.4748867505,-0.4669689274,0.4156772815,1.5707963268,0,0.9366764201,0.4,-0.281555228,0.683549307,0.3838275535,-0.4,0.7406957158,0.2066030152,-0.4,0.5979247911,0.561263772,-0.400155679,0,0.4990545536,-0.4847429898,0,0.4368453352,-0.5693303006,0
0.4752750281,-0.4666254875,0.4156772815,1.5707963268,0,0.9480167122,0.4,-0.2833005505,0.6856539374,0.3824965557,-0.4,0.7395068117,0.2024847823,-0.4,0.5932904017,0.5608888299,-0.3988370156,0,0.4996428359,-0.484124343,0,0.4383968418,-0.5694116704,0
0.475678276,-0.4662610298,0.4156772815,1.5707963268,0,0.9592453979,0.4,-0.2849502246,0.6876697472,0.3811856866,-0.4,0.7383198135,0.1983028213,-0.4,0.5885829029,0.5605255212,-0.397515521,0,0.5002410327,-0.4834851693,0,0.4399565441,-0.5694548177,0
0.4760957037,-0.4658747761,0.4156772815,1.5707963268,0,0.9703577086,0.4,-0.2865067182,0.6896000148,0.3798973797,-0.4,0.7371377931,0.1940581276,-0.4,0.5838040799,0.5601738046,-0.3961906822,0,0.5008483399,-0.4828249088,0,0.4415228751,-0.5694591355,0
0.4765265006,-0.465465986,0.4156772815,1.5707963268,0,0.9813489962,0.4,-0.2879723792,0.6914479022,0.3786342438,-0.4,0.7359640044,0.1897519296,-0.4,0.5789559518,0.5598336205,-0.3948619933,0,0.5014639417,-0.482143037,0,0.4430942629,-0.5694240808,0
0.4769698394,-0.4650339588,0.4156772815,1.5707963268,0,0.9922147491,0.4,-0.2893494453,0.6932164619,0.3773990666,-0.4,0.7348018855,0.1853856994,-0.4,0.5740407795,0.5595048911,-0.3935289572,0,0.5020870136,-0.4814390667,0,0.4446691361,-0.5693491761,0
0.4774248788,-0.4645780362,0.4156772815,1.5707963268,0,1.0029506088,0.4,-0.2906400527,0.6949086433,0.3761948174,-0.4,0.7336550597,0.1809611611,-0.4,0.5690610727,0.5591875211,-0.3921910877,0,0.502716725,-0.4807125494,0,0.4462459289,-0.5692340111,0
0.4778907665,-0.4640976039,0.4156772815,1.5707963268,0,1.013552386,0.4,-0.2918462458,0.6965272985,0.3750246484,-0.4,0.7325273366,0.1764802993,-0.4,0.5640195962,0.558881398,-0.3908479103,0,0.5033522427,-0.4799630769,0,0.4478230874,-0.5690782434,0
0.4783666428,-0.4635920939,0.4156772815,1.5707963268,0,1.0240160764,0.4,-0.2929699844,0.6980751878,0.3738918963,-0.4,0.7314227111,0.171945366,-0.4,0.5589193746,0.5585863924,-0.3894989648,0,0.5039927334,-0.4791902822,0,0.4493990745,-0.5688815995,0
0.4788516433,-0.463060986,0.4156772815,1.5707963268,0,1.0343378752,0.4,-0.2940131525,0.6995549841,0.3728000817,-0.4,0.7303453623,0.1673588863,-0.4,0.5537636963,0.5583023589,-0.3881438064,0,0.5046373674,-0.4783938407,0,0.450972376,-0.568643875,0
0.4793449029,-0.4625038093,0.4156772815,1.5707963268,0,1.0445141917,0.4,-0.2949775651,0.7009692776,0.3717529083,-0.4,0.7292996505,0.162723663,-0.4,0.5485561156,0.5580291369,-0.3867820071,0,0.5052853212,-0.4775734709,0,0.4525415054,-0.5683649347,0
0.4798455584,-0.4619201432,0.4156772815,1.5707963268,0,1.0545416625,0.4,-0.2958649748,0.7023205791,0.3707542607,-0.4,0.7282901141,0.1580427791,-0.4,0.5433004538,0.5577665511,-0.3854131573,0,0.5059357806,-0.4767289348,0,0.45410501,-0.5680447123,0
0.4803527521,-0.4613096188,0.4156772815,1.5707963268,0,1.0644171635,0.4,-0.2966770787,0.7036113235,0.3698082011,-0.4,0.7273214645,0.1533195997,-0.4,0.5380007986,0.5575144126,-0.3840368672,0,0.5065879438,-0.4758600384,0,0.4556614751,-0.5676832097,0
0.4808656348,-0.4606719188,0.4156772815,1.5707963268,0,1.0741378212,0.4,-0.2974155241,0.7048438729,0.3689189652,-0.4,0.7263985805,0.1485577715,-0.4,0.5326615017,0.5572725197,-0.3826527677,0,0.5072410245,-0.4749666317,0,0.4572095293,-0.5672804957,0
0.4813833693,-0.4600067785,0.4156772815,1.5707963268,0,1.0837010219,0.4,-0.2980819137,0.706020519,0.3680909569,-0.4,0.7255265014,0.1437612213,-0.4,0.5272871757,0.5570406589,-0.3812605117,0,0.507894254,-0.4740486084,0,0.4587478492,-0.5668367051,0
0.4819051329,-0.4593139855,0.4156772815,1.5707963268,0,1.0931044203,0.4,-0.2986778108,0.7071434855,0.3673287414,-0.4,0.7247104192,0.1389341519,-0.4,0.521882688,0.556818606,-0.3798597751,0,0.5085468846,-0.4731059059,0,0.4602751632,-0.5663520367,0
0.4824301208,-0.4585933796,0.4156772815,1.5707963268,0,1.1023459456,0.4,-0.2992047437,0.70821493,0.3666370385,-0.4,0.7239556697,0.1340810371,-0.4,0.5164531546,0.5566061272,-0.3784502572,0,0.5091981913,-0.4721385041,0,0.4617902554,-0.5658267511,0
0.4829575481,-0.4578448523,0.4156772815,1.5707963268,0,1.111423807,0.4,-0.2996642099,0.7092369458,0.3660207133,-0.4,0.7232677225,0.1370699958,-0.4,0.5180340164,0.5564029801,-0.3770316818,0,0.5098474748,-0.4711464252,0,0.4632919695,-0.5652611686,0
0.4834866531,-0.4570683457,0.4156772815,1.5707963268,0,1.1203364964,0.4,-0.3000576795,0.7102115632,0.3654847674,-0.4,0.7226521703,0.138213753,-0.4,0.5179975909,0.5562089148,-0.3756037973,0,0.510494063,-0.4701297319,0,0.4647792112,-0.5646556666,0
0.4840166989,-0.456263852,0.4156772815,1.5707963268,0,1.1290827906,0.4,-0.3003865985,0.7111407511,0.3650343285,-0.4,0.7221147179,0.1393064806,-0.4,0.5179444252,0.5560236753,-0.3741663772,0,0.5111373131,-0.4690885269,0,0.4662509509,-0.5640106765,0
0.4845469759,-0.4554314114,0.4156772815,1.5707963268,0,1.1376617506,0.4,-0.3006523915,0.712026418,0.3646746392,-0.4,0.7216611695,0.1403502614,-0.4,0.5178769133,0.5558470002,-0.3727192204,0,0.5117766131,-0.4680229506,0,0.467706226,-0.5633266808,0
0.4850768034,-0.4545711115,0.4156772815,1.5707963268,0,1.1460727201,0.4,-0.3008564641,0.7128704129,0.3644110457,-0.4,0.7212974163,0.1413471149,-0.4,0.5177972925,0.5556786241,-0.3712621509,0,0.5124113832,-0.4669331803,0,0.4691441423,-0.5626042097,0
0.4856055313,-0.4536830843,0.4156772815,1.5707963268,0,1.1543153219,0.4,-0.3010002048,0.7136745263,0.3642489852,-0.4,0.7210294232,0.1422989977,-0.4,0.5177076474,0.5555182788,-0.3697950177,0,0.513041077,-0.4658194277,0,0.4705638752,-0.5618438378,0
0.4861325413,-0.4527675055,0.4156772815,1.5707963268,0,1.1623894527,0.4,-0.3010849867,0.7144404911,0.3641939735,-0.4,0.7208632156,0.1432078049,-0.4,0.5176099136,0.5553656941,-0.3683176947,0,0.5136651821,-0.4646819375,0,0.47196467,-0.5610461803,0
0.486657248,-0.4518245913,0.4156772815,1.5707963268,0,1.1702952767,0.4,-0.3011121685,0.7151699833,0.3642515919,-0.4,0.7208048654,0.1440753709,-0.4,0.5175058823,0.5552205989,-0.3668300802,0,0.5142832208,-0.463520985,0,0.4733458427,-0.5602118898,0
0.4871790999,-0.4508545965,0.4156772815,1.5707963268,0,1.1780332176,0.4,-0.3010830957,0.7158646226,0.3644274739,-0.4,0.7208604771,0.1449034699,-0.4,0.5173972048,0.5550827222,-0.365332096,0,0.5148947507,-0.462336874,0,0.4747067793,-0.559341652,0
0.4876975795,-0.4498578121,0.4156772815,1.5707963268,0,1.1856039492,0.4,-0.300999101,0.7165259733,0.3647272922,-0.4,0.7210361748,0.1456938171,-0.4,0.5172853974,0.5549517941,-0.3638236874,0,0.5154993645,-0.4611299349,0,0.4760469348,-0.5584361824,0
0.4882122041,-0.4488345629,0.4156772815,1.5707963268,0,1.1930083849,0.4,-0.3008615047,0.717155545,0.365156745,-0.4,0.7213380878,0.1464480692,-0.4,0.5171718462,0.5548275467,-0.3623048217,0,0.5160966899,-0.459900522,0,0.477365833,-0.5574962224,0
0.4887225254,-0.4477852044,0.4156772815,1.5707963268,0,1.2002476666,0.4,-0.3006716149,0.7177547931,0.3657215435,-0.4,0.7217723376,0.1471678253,-0.4,0.5170578121,0.5547097148,-0.3607754875,0,0.5166863894,-0.4586490117,0,0.4786630641,-0.5565225358,0
0.4892281298,-0.4467101206,0.4156772815,1.5707963268,0,1.2073231519,0.4,-0.3004307273,0.71832512,0.3664273985,-0.4,0.722345025,0.1478546276,-0.4,0.5169444364,0.5545980367,-0.3592356941,0,0.5172681599,-0.4573757996,0,0.4799382832,-0.5555159051,0
0.4897286377,-0.445609721,0.4156772815,1.5707963268,0,1.2142364016,0.4,-0.3001401249,0.7188678755,0.3672800083,-0.4,0.7230622178,0.1485099623,-0.4,0.5168327462,0.5544922547,-0.35768547,0,0.5178417317,-0.456081299,0,0.4811912086,-0.554477128,0
0.4902237029,-0.4444844384,0.4156772815,1.5707963268,0,1.2209891656,0.4,-0.2998010777,0.7193843576,0.3682850465,-0.4,0.7239299385,0.1491352605,-0.4,0.5167236593,0.5543921161,-0.3561248619,0,0.5184068675,-0.454765938,0,0.4824216189,-0.553407014,0
0.4907130123,-0.4433347256,0.4156772815,1.5707963268,0,1.2275833695,0.4,-0.2994148419,0.7198758138,0.3694481506,-0.4,0.7249541532,0.149731899,-0.4,0.5166179905,0.5542973735,-0.3545539338,0,0.5189633619,-0.4534301575,0,0.4836293504,-0.5523063813,0
0.4911962845,-0.4421610536,0.4156772815,1.5707963268,0,1.2340210999,0.4,-0.2989826595,0.7203434417,0.3707749109,-0.4,0.7261407613,0.1503012013,-0.4,0.5165164563,0.5542077853,-0.3529727653,0,0.51951104,-0.4520744094,0,0.4848142947,-0.5511760535,0
0.4916732693,-0.4409639084,0.4156772815,1.5707963268,0,1.24030459,0.4,-0.2985057573,0.7207883901,0.3722708607,-0.4,0.7274955851,0.1508444387,-0.4,0.516419681,0.5541231161,-0.3513814512,0,0.5200497558,-0.4506991542,0,0.4859763956,-0.5500168571,0
0.4921437459,-0.4397437887,0.4156772815,1.5707963268,0,1.2464362059,0.4,-0.2979853464,0.72121176,0.3739414663,-0.4,0.7290243611,0.1513628314,-0.4,0.5163282021,0.554043137,-0.3497800995,0,0.5205793915,-0.4493048589,0,0.4871156459,-0.5488296183,0
0.4926075225,-0.438501204,0.4156772815,1.5707963268,0,1.2524184316,0.4,-0.297422621,0.7216146059,0.3757921185,-0.4,0.7307327318,0.1518575493,-0.4,0.5162424754,0.5539676261,-0.3481688306,0,0.5210998553,-0.4478919956,0,0.4882320846,-0.5476151607,0
0.4930644342,-0.4372366717,0.4156772815,1.5707963268,0,1.2582538555,0.4,-0.2968187579,0.7219979366,0.3778281245,-0.4,0.7326262378,0.1523297136,-0.4,0.5161628806,0.5538963684,-0.3465477761,0,0.5216110809,-0.4464610396,0,0.4893257934,-0.546374303,0
0.4935143424,-0.4359507156,0.4156772815,1.5707963268,0,1.2639451567,0.4,-0.2961749157,0.7223627166,0.3800547006,-0.4,0.7347103117,0.1527803977,-0.4,0.5160897263,0.5538291563,-0.3449170778,0,0.5221130251,-0.4450124674,0,0.4903968939,-0.545107857,0
0.4939571326,-0.4346438635,0.4156772815,1.5707963268,0,1.2694950917,0.4,-0.2954922336,0.7227098675,0.382476966,-0.4,0.7369902722,0.1532106287,-0.4,0.5160232551,0.5537657895,-0.3432768861,0,0.5226056668,-0.4435467557,0,0.4914455441,-0.5438166253,0
0.4943927138,-0.4333166453,0.4156772815,1.5707963268,0,1.2749064818,0.4,-0.2947718312,0.723040269,0.3850999366,-0.4,0.7394713186,0.1536213885,-0.4,0.5159636487,0.5537060751,-0.3416273593,0,0.5230890053,-0.4420643796,0,0.4924719356,-0.5425013998,0
0.4948210165,-0.4319695918,0.4156772815,1.5707963268,0,1.2801822013,0.4,-0.2940148074,0.7233547601,0.3879285207,-0.4,0.7421585273,0.1540136154,-0.4,0.5159110322,0.5536498276,-0.3399686625,0,0.523563059,-0.4405658114,0,0.4934762904,-0.5411629602,0
0.4952419912,-0.4306032323,0.4156772815,1.5707963268,0,1.2853251652,0.4,-0.2932222398,0.7236541409,0.3909675143,-0.4,0.745056848,0.1543882052,-0.4,0.5158654791,0.553596869,-0.3383009667,0,0.5240278635,-0.4390515196,0,0.494458858,-0.5398020725,0
0.4956556077,-0.4292180939,0.4156772815,1.5707963268,0,1.2903383191,0.4,-0.2923951842,0.7239391734,0.394221598,-0.4,0.7481711008,0.1547460125,-0.4,0.5158270155,0.5535470286,-0.3366244473,0,0.5244834706,-0.4375219676,0,0.4954199126,-0.5384194879,0
0.4960618527,-0.4278146996,0.4156772815,1.5707963268,0,1.2952246288,0.4,-0.2915346742,0.7242105832,0.3976953341,-0.4,0.7515059744,0.1550878525,-0.4,0.5157956239,0.5535001431,-0.3349392841,0,0.5249299466,-0.4359776129,0,0.4963597502,-0.5370159416,0
0.4964607293,-0.4263935675,0.4156772815,1.5707963268,0,1.2999870704,0.4,-0.2906417205,0.7244690607,0.4,-0.3996132164,0.7536201659,0.155414502,-0.4,0.5157712478,0.5534560563,-0.3332456598,0,0.5253673711,-0.4344189061,0,0.497278686,-0.5355921524,0
0.4968522553,-0.4249552094,0.4156772815,1.5707963268,0,1.3046286224,0.4,-0.2897173105,0.7247152625,0.4,-0.3985497343,0.7533421114,0.1557267013,-0.4,0.5157537948,0.553414619,-0.3315437592,0,0.5257958356,-0.4328462903,0,0.4981770522,-0.5341488214,0
0.4972364617,-0.4235001301,0.4156772815,1.5707963268,0,1.3091522565,0.4,-0.2887624084,0.7249498124,0.4,-0.3974618849,0.7530669991,0.1560251548,-0.4,0.5157431405,0.5533756889,-0.3298337691,0,0.5262154421,-0.4312602006,0,0.4990551953,-0.532686632,0
0.497613392,-0.4220288264,0.4156772815,1.5707963268,0,1.3135609311,0.4,-0.2877779546,0.7251733036,0.4,-0.3963503097,0.752794967,0.1563105332,-0.4,0.5157391317,0.5533391304,-0.328115877,0,0.5266263023,-0.4296610631,0,0.4999134742,-0.5312062491,0
0.4979831006,-0.4205417866,0.4156772815,1.5707963268,0,1.3178575842,0.4,-0.2867648657,0.7253862988,0.4,-0.3952156411,0.7525261348,0.1565834743,-0.4,0.5157415896,0.5533048145,-0.3263902706,0,0.5270285361,-0.4280492948,0,0.5007522576,-0.5297083189,0
0.4983456519,-0.4190394895,0.4156772815,1.5707963268,0,1.3220451272,0.4,-0.2857240344,0.7255893326,0.4,-0.3940585017,0.7522606056,0.1568445848,-0.4,0.5157503125,0.5532726184,-0.3246571376,0,0.5274222706,-0.4264253032,0,0.5015719228,-0.5281934687,0
0.4987011192,-0.4175224041,0.4156772815,1.5707963268,0,1.3261264396,0.4,-0.2846563295,0.7257829121,0.4,-0.3928795031,0.751998467,0.1570944412,-0.4,0.5157650786,0.5532424254,-0.3229166648,0,0.5278076395,-0.4247894858,0,0.5023728535,-0.5266623068,0
0.4990495835,-0.4159909893,0.4156772815,1.5707963268,0,1.3301043644,0.4,-0.2835625959,0.7259675183,0.4,-0.3916792464,0.7517397923,0.1573335916,-0.4,0.5157856487,0.5532141247,-0.3211690378,0,0.5281847814,-0.4231422302,0,0.503155438,-0.5251154227,0
0.4993911331,-0.4144456931,0.4156772815,1.5707963268,0,1.3339817032,0.4,-0.2824436548,0.7261436073,0.4,-0.3904583206,0.7514846416,0.1575625563,-0.4,0.5158117683,0.5531876113,-0.3194144407,0,0.5285538396,-0.4214839136,0,0.503920068,-0.5235533865,0
0.4997258621,-0.412886953,0.4156772815,1.5707963268,0,1.3377612133,0.4,-0.2813003039,0.7263116114,0.4,-0.3892173032,0.7512330629,0.1577818298,-0.4,0.5158431696,0.5531627853,-0.3176530555,0,0.5289149613,-0.4198149027,0,0.5046671373,-0.52197675,0
0.5000538699,-0.411315195,0.4156772815,1.5707963268,0,1.3414456036,0.4,-0.2801333173,0.7264719405,0.4,-0.3879567592,0.7509850929,0.1579918814,-0.4,0.515879574,0.5531395523,-0.3158850619,0,0.5292682962,-0.4181355539,0,0.50539704,-0.520386046,0
0.5003752604,-0.4097308342,0.4156772815,1.5707963268,0,1.3450375326,0.4,-0.2789434462,0.726624983,0.4,-0.3866772414,0.7507407585,0.1581931568,-0.4,0.5159206935,0.5531178229,-0.314110637,0,0.5296139965,-0.4164462132,0,0.5061101701,-0.5187817893,0
0.5006901416,-0.4081342741,0.4156772815,1.5707963268,0,1.3485396057,0.4,-0.2777314192,0.7267711067,0.4,-0.3853792897,0.7505000769,0.1583860788,-0.4,0.5159662323,0.5530975124,-0.3123299553,0,0.529952216,-0.4147472159,0,0.5068069197,-0.5171644764,0
0.5009986241,-0.4065259069,0.4156772815,1.5707963268,0,1.3519543735,0.4,-0.276497942,0.7269106601,0.4,-0.3840634311,0.750263057,0.158571049,-0.4,0.5160158887,0.5530785405,-0.3105431881,0,0.5302831096,-0.4130388872,0,0.5074876787,-0.5155345862,0
0.5013008217,-0.4049061136,0.4156772815,1.5707963268,0,1.3552843301,0.4,-0.2752436987,0.7270439732,0.4,-0.3827301799,0.7500297002,0.1587484481,-0.4,0.5160693562,0.5530608316,-0.3087505034,0,0.5306068327,-0.4113215419,0,0.5081528337,-0.5138925803,0
0.5015968496,-0.4032752637,0.4156772815,1.5707963268,0,1.3585319123,0.4,-0.2739693516,0.7271713587,0.4,-0.3813800375,0.7498000008,0.1589186375,-0.4,0.5161263248,0.5530443139,-0.306952066,0,0.5309235407,-0.4095954846,0,0.5088027674,-0.5122389033,0
0.5018868251,-0.4016337157,0.4156772815,1.5707963268,0,1.3616994982,0.4,-0.2726755417,0.7272931124,0.4,-0.380013492,0.7495739468,0.1590819601,-0.4,0.516186482,0.5530289198,-0.3051480372,0,0.5312333888,-0.4078610102,0,0.5094378579,-0.5105739833,0
0.5021708661,-0.3999818168,0.4156772815,1.5707963268,0,1.3647894072,0.4,-0.2713628893,0.7274095146,0.4,-0.3786310189,0.7493515207,0.1592387411,-0.4,0.5162495143,0.5530145852,-0.3033385747,0,0.5315365315,-0.4061184035,0,0.5100584778,-0.5088982324,0
0.5024490916,-0.3983199034,0.4156772815,1.5707963268,0,1.3678038993,0.4,-0.2700319945,0.7275208307,0.4,-0.3772330808,0.7491326999,0.1593892893,-0.4,0.5163151076,0.5530012498,-0.3015238327,0,0.5318331222,-0.4043679398,0,0.5106649946,-0.507212047,0
0.5027216204,-0.3966483011,0.4156772815,1.5707963268,0,1.3707451752,0.4,-0.2686834376,0.7276273119,0.4,-0.3758201274,0.7489174573,0.1595338973,-0.4,0.5163829482,0.5529888564,-0.2997039614,0,0.5321233128,-0.4026098849,0,0.5112577693,-0.5055158084,0
0.5029885717,-0.3949673249,0.4156772815,1.5707963268,0,1.3736153766,0.4,-0.2673177796,0.7277291962,0.4,-0.374392596,0.7487057618,0.1596728428,-0.4,0.5164527237,0.5529773512,-0.2978791077,0,0.5324072539,-0.4008444955,0,0.5118371566,-0.5038098834,0
0.5032500641,-0.3932772795,0.4156772815,1.5707963268,0,1.3764165862,0.4,-0.2659355626,0.7278267087,0.4,-0.3729509113,0.7484975788,0.1598063895,-0.4,0.5165241234,0.5529666834,-0.2960494144,0,0.5326850941,-0.3990720193,0,0.5124035047,-0.5020946243,0
0.5035062157,-0.3915784595,0.4156772815,1.5707963268,0,1.3791508283,0.4,-0.2645373105,0.7279200629,0.4,-0.3714954859,0.7482928706,0.1599347873,-0.4,0.516596839,0.552956805,-0.2942150207,0,0.5329569799,-0.3972926952,0,0.5129571548,-0.5003703698,0
0.5037571439,-0.3898711495,0.4156772815,1.5707963268,0,1.3818200696,0.4,-0.2631235295,0.7280094607,0.4,-0.3700267202,0.7480915967,0.1600582734,-0.4,0.5166705651,0.5529476708,-0.2923760621,0,0.5332230558,-0.3955067538,0,0.5134984407,-0.4986374454,0
0.5040029647,-0.3881556245,0.4156772815,1.5707963268,0,1.3844262196,0.4,-0.2616947084,0.7280950933,0.4,-0.3685450027,0.7478937144,0.160177073,-0.4,0.5167449999,0.552939238,-0.2905326704,0,0.5334834637,-0.3937144171,0,0.5140276894,-0.4968961638,0
0.5042437931,-0.38643215,0.4156772815,1.5707963268,0,1.3869711318,0.4,-0.2602513194,0.7281771421,0.4,-0.3670507104,0.7476991788,0.1602913997,-0.4,0.5168198449,0.5529314664,-0.2886849738,0,0.5337383433,-0.3919158995,0,0.5145452202,-0.4951468252,0
0.5044797427,-0.3847009826,0.4156772815,1.5707963268,0,1.3894566045,0.4,-0.2587938185,0.7282557786,0.4,-0.3655442089,0.7475079435,0.1604014564,-0.4,0.5168948062,0.5529243179,-0.2868330965,0,0.5339878315,-0.3901114073,0,0.5150513451,-0.4933897181,0
0.5047109255,-0.3829623699,0.4156772815,1.5707963268,0,1.3918843818,0.4,-0.2573226459,0.7283311654,0.4,-0.3640258526,0.7473199605,0.1605074355,-0.4,0.5169695938,0.5529177568,-0.2849771596,0,0.5342320627,-0.3883011396,0,0.5155463685,-0.4916251196,0
0.504937452,-0.3812165506,0.4156772815,1.5707963268,0,1.3942561548,0.4,-0.2558382264,0.7284034567,0.4,-0.3624959851,0.7471351806,0.1606095199,-0.4,0.5170439226,0.5529117492,-0.2831172804,0,0.5344711684,-0.386485288,0,0.5160305877,-0.4898532955,0
0.5051594307,-0.3794637555,0.4156772815,1.5707963268,0,1.3965735625,0.4,-0.2543409705,0.7284727983,0.4,-0.3609549392,0.7469535537,0.1607078832,-0.4,0.5171175123,0.5529062633,-0.2812535728,0,0.5347052776,-0.3846640371,0,0.516504292,-0.4880745014,0
0.5053769684,-0.3777042069,0.4156772815,1.5707963268,0,1.3988381933,0.4,-0.252831274,0.7285393288,0.4,-0.3594030374,0.7467750289,0.1608026901,-0.4,0.5171900877,0.552901269,-0.2793861472,0,0.5349345163,-0.3828375648,0,0.5169677637,-0.4862889824,0
0.5055901701,-0.3759381196,0.4156772815,1.5707963268,0,1.401051586,0.4,-0.2513095193,0.7286031793,0.4,-0.3578405924,0.7465995549,0.1608940973,-0.4,0.5172613785,0.5528967379,-0.2775151109,0,0.5351590077,-0.3810060425,0,0.5174212775,-0.4844969741,0
0.5057991386,-0.3741657005,0.4156772815,1.5707963268,0,1.4032152309,0.4,-0.2497760752,0.7286644741,0.4,-0.3562679066,0.7464270796,0.1609822535,-0.4,0.51733112,0.5528926435,-0.2756405677,0,0.5353788722,-0.3791696352,0,0.517865101,-0.4826987027,0
0.5060039749,-0.3723871494,0.4156772815,1.5707963268,0,1.4053305716,0.4,-0.2482312979,0.7287233313,0.4,-0.3546852733,0.7462575511,0.1610673003,-0.4,0.5173990525,0.5528889603,-0.2737626182,0,0.5355942273,-0.3773285017,0,0.5182994943,-0.4808943851,0
0.5062047778,-0.3706026588,0.4156772815,1.5707963268,0,1.4073990055,0.4,-0.2466755311,0.7287798626,0.4,-0.3530929761,0.7460909171,0.1611493718,-0.4,0.5174649221,0.5528856647,-0.2718813602,0,0.5358051877,-0.3754827951,0,0.5187247108,-0.47908423,0
0.506401644,-0.3688124146,0.4156772815,1.5707963268,0,1.4094218859,0.4,-0.2451091064,0.7288341743,0.4,-0.3514912899,0.7459271254,0.1612285959,-0.4,0.5175284801,0.5528827342,-0.2699968882,0,0.5360118653,-0.3736326629,0,0.5191409965,-0.4772684375,0
0.5065946684,-0.3670165959,0.4156772815,1.5707963268,0,1.4114005226,0.4,-0.243532344,0.7288863671,0.4,-0.3498804807,0.745766124,0.1613050942,-0.4,0.5175894835,0.5528801476,-0.2681092938,0,0.5362143692,-0.3717782469,0,0.5195485908,-0.4754472,0
0.5067839434,-0.3652153755,0.4156772815,1.5707963268,0,1.4133361832,0.4,-0.2419455529,0.7289365364,0.4,-0.3482608061,0.745607861,0.161378982,-0.4,0.5176476945,0.5528778851,-0.2662186658,0,0.5364128057,-0.3699196839,0,0.5199477263,-0.473620702,0
0.5069695597,-0.36340892,0.4156772815,1.5707963268,0,1.4152300948,0.4,-0.2403490315,0.7289847732,0.4,-0.3466325154,0.745452285,0.1614503694,-0.4,0.5177028811,0.5528759278,-0.26432509,0,0.5366072784,-0.3680571056,0,0.520338629,-0.4717891211,0
0.5071516056,-0.3615973901,0.4156772815,1.5707963268,0,1.417083445,0.4,-0.2387430677,0.7290311635,0.4,-0.3449958499,0.7452993446,0.1615193609,-0.4,0.5177548168,0.5528742579,-0.2624286498,0,0.5367978881,-0.3661906387,0,0.5207215182,-0.4699526275,0
0.5073301674,-0.3597809409,0.4156772815,1.5707963268,0,1.4188973829,0.4,-0.2371279394,0.7290757892,0.4,-0.3433510431,0.7451489894,0.1615860561,-0.4,0.5178032804,0.5528728587,-0.2605294257,0,0.536984733,-0.3643204054,0,0.5210966073,-0.4681113851,0
0.5075053295,-0.3579597218,0.4156772815,1.5707963268,0,1.4206730205,0.4,-0.235503915,0.729118728,0.4,-0.3416983213,0.745001169,0.1616505499,-0.4,0.5178480563,0.5528717144,-0.2586274958,0,0.5371679088,-0.3624465234,0,0.5214641033,-0.466265551,0
0.5076771741,-0.3561338771,0.4156772815,1.5707963268,0,1.4224114339,0.4,-0.2338712535,0.7291600538,0.4,-0.3400379032,0.7448558339,0.1617129323,-0.4,0.517888934,0.5528708101,-0.2567229357,0,0.5373475085,-0.3605691061,0,0.521824207,-0.4644152765,0
0.5078457814,-0.3543035457,0.4156772815,1.5707963268,0,1.4241136644,0.4,-0.2322302052,0.7291998368,0.4,-0.3383700008,0.7447129352,0.1617732894,-0.4,0.5179257087,0.5528701316,-0.2548158184,0,0.5375236226,-0.3586882626,0,0.5221771136,-0.4625607068,0
0.5080112295,-0.352468862,0.4156772815,1.5707963268,0,1.4257807197,0.4,-0.2305810115,0.7292381438,0.4,-0.3366948191,0.7445724244,0.1618317031,-0.4,0.5179581806,0.5528696657,-0.2529062149,0,0.5376963391,-0.3568040982,0,0.5225230124,-0.4607019815,0
0.5081735948,-0.3506299553,0.4156772815,1.5707963268,0,1.4274135747,0.4,-0.2289239058,0.7292750382,0.4,-0.3350125566,0.744434254,0.1618882515,-0.4,0.5179861554,0.5528693999,-0.2509941936,0,0.5378657436,-0.3549167143,0,0.5228620873,-0.4588392349,0
0.5083329516,-0.3487869506,0.4156772815,1.5707963268,0,1.4290131732,0.4,-0.2272591135,0.7293105804,0.4,-0.3333234055,0.7442983769,0.1619430089,-0.4,0.5180094437,0.5528693223,-0.2490798211,0,0.5380319194,-0.3530262086,0,0.5231945165,-0.4569725961,0
0.5084893722,-0.3469399684,0.4156772815,1.5707963268,0,1.430580428,0.4,-0.2255868521,0.7293448279,0.4,-0.3316275518,0.7441647472,0.1619960463,-0.4,0.5180278613,0.5528694218,-0.2471631615,0,0.5381949475,-0.3511326753,0,0.5235204733,-0.4551021891,0
0.5086429271,-0.3450891249,0.4156772815,1.5707963268,0,1.4321162229,0.4,-0.2239073319,0.7293778353,0.4,-0.3299251757,0.7440333192,0.1620474314,-0.4,0.5180412289,0.5528696878,-0.245244277,0,0.5383549066,-0.3492362052,0,0.5238401254,-0.4532281334,0
0.5087936851,-0.3432345324,0.4156772815,1.5707963268,0,1.4336214132,0.4,-0.2222207561,0.7294096547,0.4,-0.3282164515,0.7439040484,0.1620972287,-0.4,0.5180493724,0.5528701103,-0.243323228,0,0.5385118731,-0.3473368859,0,0.5241536359,-0.4513505438,0
0.5089417131,-0.3413762993,0.4156772815,1.5707963268,0,1.4350968266,0.4,-0.2205273209,0.7294403356,0.4,-0.326501548,0.7437768908,0.1621495304,-0.4,0.5180561157,0.5528706799,-0.2414000727,0,0.5386659214,-0.3454348017,0,0.524461163,-0.4494695307,0
0.5090870763,-0.3395145301,0.4156772815,1.5707963268,0,1.4365432643,0.4,-0.218827216,0.7294699253,0.4,-0.3247806288,0.7436518036,0.1724508494,-0.4,0.5282183574,0.5528713877,-0.2394748676,0,0.5388171238,-0.3435300341,0,0.5247628599,-0.4475852006,0
0.5092298379,-0.3376493259,0.4156772815,1.5707963268,0,1.4379615018,0.4,-0.2171206249,0.7294984686,0.4,-0.3230538522,0.7435287443,0.1830660349,-0.4,0.5386969721,0.5528722254,-0.2375476675,0,0.5389655505,-0.3416226615,0,0.5250588757,-0.4456976556,0
0.5093700599,-0.335780784,0.4156772815,1.5707963268,0,1.43935229,0.4,-0.2154077247,0.7295260084,0.4,-0.3213213714,0.7434076715,0.1939960871,-0.4,0.5494928997,0.552873185,-0.2356185251,0,0.5391112698,-0.3397127598,0,0.5253493546,-0.4438069945,0
0.5095078022,-0.3339089988,0.4156772815,1.5707963268,0,1.4407163557,0.4,-0.2136886867,0.7295525855,0.4,-0.3195833352,0.7432885445,0.205241972,-0.4,0.5606070472,0.552874259,-0.233687492,0,0.5392543479,-0.3378004019,0,0.5256344369,-0.4419133119,0
0.5096431234,-0.332034061,0.4156772815,1.5707963268,0,1.4420544029,0.4,-0.2119636767,0.729578239,0.4,-0.3178398872,0.7431713236,0.2168046224,-0.4,0.5720402904,0.5528754403,-0.2317546176,0,0.5393948494,-0.3358856584,0,0.5259142585,-0.4400166993,0
0.5097760805,-0.3301560587,0.4156772815,1.5707963268,0,1.443367113,0.4,-0.2102328549,0.7296030059,0.4,-0.316091167,0.7430559696,0.2286849391,-0.4,0.5837934745,0.5528767223,-0.2298199501,0,0.5395328368,-0.3339685974,0,0.5261889514,-0.4381172446,0
0.5099067287,-0.3282750766,0.4156772815,1.5707963268,0,1.444655146,0.4,-0.2084963762,0.7296269216,0.4,-0.3143373094,0.7429424444,0.2408837926,-0.4,0.5958674159,0.5528780986,-0.2278835362,0,0.539668371,-0.3320492844,0,0.5264586435,-0.4362150326,0
0.5100351221,-0.3263911967,0.4156772815,1.5707963268,0,1.4459191413,0.4,-0.2067543906,0.72965002,0.4,-0.3125784455,0.7428307104,0.2534020236,-0.4,0.6082629027,0.5528795632,-0.225945421,0,0.5398015112,-0.330127783,0,0.5267234592,-0.434310145,0
0.510161313,-0.3245044984,0.4156772815,1.5707963268,0,1.4471597179,0.4,-0.205007043,0.7296723332,0.4,-0.3108147019,0.742720731,0.2662404448,-0.4,0.6209806964,0.5528811106,-0.2240056481,0,0.5399323148,-0.3282041543,0,0.526983519,-0.4324026605,0
0.5102853527,-0.3226150581,0.4156772815,1.5707963268,0,1.4483774758,0.4,-0.2032544738,0.7296938922,0.4,-0.3090462015,0.7426124703,0.2793998414,-0.4,0.6340215328,0.5528827353,-0.2220642601,0,0.5400608376,-0.3262784575,0,0.52723894,-0.4304926549,0
0.5104072906,-0.3207229501,0.4156772815,1.5707963268,0,1.4495729961,0.4,-0.2014968188,0.7297147263,0.4,-0.3072730635,0.7425058933,0.2928809727,-0.4,0.6473861227,0.5528844323,-0.2201212979,0,0.540187134,-0.3243507496,0,0.5274898357,-0.4285802014,0
0.5105271753,-0.3188282459,0.4156772815,1.5707963268,0,1.4507468419,0.4,-0.1997342094,0.7297348636,0.4,-0.3054954033,0.7424009655,0.3066845727,-0.4,0.661075153,0.5528861969,-0.2181768013,0,0.5403112566,-0.322421086,0,0.5277363163,-0.4266653706,0
0.5106450536,-0.3169310147,0.4156772815,1.5707963268,0,1.4518995589,0.4,-0.197966773,0.7297543309,0.4,-0.303713333,0.7422976533,0.3208113511,-0.4,0.675089288,0.5528880245,-0.216230809,0,0.5404332567,-0.3204895197,0,0.5279784889,-0.4247482304,0
0.5107609715,-0.3150313234,0.4156772815,1.5707963268,0,1.4530316761,0.4,-0.1961946328,0.729773154,0.4,-0.3019269609,0.7421959239,0.3352619946,-0.4,0.6894291697,0.5528899109,-0.2142833584,0,0.5405531841,-0.3185561025,0,0.5282164573,-0.4228288467,0
0.5108749734,-0.313129237,0.4156772815,1.5707963268,0,1.4541437061,0.4,-0.1944179079,0.7297913572,0.4,-0.3001363924,0.7420957451,0.3500371672,-0.4,0.7040954191,0.552891852,-0.2123344856,0,0.5406710872,-0.3166208841,0,0.5284503225,-0.4209072826,0
0.5109871027,-0.311224818,0.4156772815,1.5707963268,0,1.4552361459,0.4,-0.1926367141,0.7298089642,0.4,-0.2983417297,0.7419970856,0.3651375115,-0.4,0.7190886366,0.552893844,-0.2103842258,0,0.5407870132,-0.3146839126,0,0.5286801823,-0.4189835993,0
0.5110974015,-0.3093181271,0.4156772815,1.5707963268,0,1.4563094775,0.4,-0.1908511633,0.7298259972,0.4,-0.2965430716,0.7418999145,0.3805636494,-0.4,0.7344094032,0.5528958834,-0.2084326132,0,0.5409010076,-0.3127452345,0,0.5289061318,-0.4170578558,0
0.511205911,-0.3074092231,0.4156772815,1.5707963268,0,1.4573641681,0.4,-0.1890613639,0.7298424778,0.4,-0.2947405144,0.7418042018,0.3963161826,-0.4,0.7500582811,0.5528979666,-0.2064796808,0,0.541013115,-0.3108048949,0,0.5291282635,-0.4151301091,0
0.5113126711,-0.3054981626,0.4156772815,1.5707963268,0,1.4584006709,0.4,-0.187267421,0.7298584265,0.4,-0.2929341512,0.7417099183,0.4,-0.3986008813,0.75356141,0.5529000906,-0.2045254606,0,0.5411233787,-0.3088629374,0,0.5293466669,-0.4132004142,0
0.5114177206,-0.3035850008,0.4156772815,1.5707963268,0,1.4594194255,0.4,-0.1854694365,0.729873863,0.4,-0.2911240725,0.7416170351,0.4,-0.3967787084,0.7533602072,0.5529022521,-0.2025699838,0,0.5412318407,-0.306919404,0,0.5295614292,-0.4112688242,0
0.5115210974,-0.3016697908,0.4156772815,1.5707963268,0,1.4604208584,0.4,-0.1836675091,0.729888806,0.4,-0.289310366,0.7415255243,0.4,-0.3949532229,0.7531622426,0.5529044484,-0.2006132805,0,0.5413385417,-0.3049743355,0,0.529772635,-0.4093353906,0
0.5116228384,-0.2997525843,0.4156772815,1.5707963268,0,1.4614053832,0.4,-0.1818617346,0.7299032736,0.4,-0.2874931171,0.7414353585,0.4,-0.3931244997,0.7529674434,0.5529066767,-0.1986553801,0,0.5414435217,-0.3030277714,0,0.5299803666,-0.4074001628,0
0.5117229794,-0.2978334312,0.4156772815,1.5707963268,0,1.4623734015,0.4,-0.1800522056,0.729917283,0.4,-0.2856724084,0.7413465109,0.4,-0.3912926113,0.7527757387,0.5529089345,-0.1966963108,0,0.5415468191,-0.3010797498,0,0.5301847038,-0.4054631888,0
0.5118215554,-0.2959123799,0.4156772815,1.5707963268,0,1.4633253027,0.4,-0.1782390123,0.7299308508,0.4,-0.2838483203,0.7412589553,0.4,-0.3894576284,0.7525870597,0.5529112192,-0.1947361004,0,0.5416484717,-0.2991303077,0,0.5303857243,-0.4035245151,0
0.5119186002,-0.2939894773,0.4156772815,1.5707963268,0,1.4642614653,0.4,-0.1764222418,0.7299439929,0.4,-0.2820209308,0.7411726661,0.4,-0.3876196197,0.7524013394,0.5529135286,-0.1927747756,0,0.541748516,-0.2971794809,0,0.5305835034,-0.4015841863,0
0.512014147,-0.292064769,0.4156772815,1.5707963268,0,1.4651822561,0.4,-0.174601979,0.7299567244,0.4,-0.2801903155,0.7410876185,0.4,-0.385778652,0.7522185126,0.5529158605,-0.1908123624,0,0.5418469875,-0.2952273041,0,0.5307781146,-0.3996422458,0
0.5121082281,-0.2901382988,0.4156772815,1.5707963268,0,1.4660880318,0.4,-0.172778306,0.7299690598,0.4,-0.2783565482,0.7410037879,0.4,-0.3839347904,0.752038516,0.5529182128,-0.188848886,0,0.5419439209,-0.2932738108,0,0.530969629,-0.3976987355,0
0.5122008748,-0.2882101095,0.4156772815,1.5707963268,0,1.4669791383,0.4,-0.1709513024,0.7299810133,0.4,-0.2765197002,0.7409211506,0.4,-0.3820880979,0.751861288,0.5529205836,-0.1868843709,0,0.5420393498,-0.2913190335,0,0.5311581159,-0.3957536961,0
0.5122921176,-0.2862802426,0.4156772815,1.5707963268,0,1.4678559119,0.4,-0.1691210458,0.7299925981,0.4,-0.274679841,0.7408396833,0.4,-0.3802386363,0.7516867685,0.5529229711,-0.184918841,0,0.5421333069,-0.2893630038,0,0.5313436428,-0.3938071666,0
0.5123819863,-0.2843487382,0.4156772815,1.5707963268,0,1.468718679,0.4,-0.1672876111,0.7300038271,0.4,-0.2728370382,0.7407593631,0.4,-0.3783864652,0.7515148991,0.5529253734,-0.1829523193,0,0.5422258242,-0.2874057522,0,0.5315262751,-0.3918591851,0
0.5124705099,-0.2824156351,0.4156772815,1.5707963268,0,1.4695677568,0.4,-0.1654510714,0.7300147127,0.4,-0.2709913572,0.7406801679,0.4,-0.376531643,0.7513456231,0.5529277889,-0.1809848283,0,0.5423169327,-0.2854473083,0,0.5317060765,-0.3899097884,0
0.5125577166,-0.2804809713,0.4156772815,1.5707963268,0,1.4704034535,0.4,-0.1636114974,0.7300252667,0.4,-0.2691428619,0.7406020759,0.4,-0.3746742264,0.7511788851,0.5529302161,-0.1790163899,0,0.5424066626,-0.2834877009,0,0.531883109,-0.3879590119,0
0.5126436339,-0.2785447834,0.4156772815,1.5707963268,0,1.4712260685,0.4,-0.1617689579,0.7300355006,0.4,-0.2672916142,0.740525066,0.4,-0.3728142704,0.7510146314,0.5529326536,-0.1770470253,0,0.5424950432,-0.2815269578,0,0.5320574329,-0.3860068902,0
0.5127282887,-0.2766071069,0.4156772815,1.5707963268,0,1.4720358928,0.4,-0.1599235198,0.7300454251,0.4,-0.2654376744,0.7404491173,0.4,-0.3709518289,0.7508528094,0.5529350998,-0.175076755,0,0.5425821032,-0.2795651059,0,0.5322291067,-0.3840534567,0
0.512811707,-0.2746679763,0.4156772815,1.5707963268,0,1.4728332092,0.4,-0.1580752479,0.7300550509,0.4,-0.263581101,0.7403742096,0.4,-0.3690869541,0.7506933683,0.5529375535,-0.1731055992,0,0.5426678705,-0.2776021714,0,0.5323981875,-0.3820987437,0
